path	bytes	sha256
outputs/qwen05b/experiment1/experiment1_hidden_extraction/hidden_states_pilot.pt	17996247	6ba99393bbabf06ee8a927745b79868a96bd8721eddbec5bf5afa94b609844ac
outputs/qwen05b/experiment3/experiment3_v3/hidden_probe/hidden_states.pt	54043715	897ab7213e644ce3fcb24bc983cdcb7d14fefaf021eb5e887c3dc835744256a3
outputs/qwen05b/experiment3/experiment3_v4/hidden_probe/hidden_states.pt	54059907	b10cb9c5b5350a2dd16ba389e5fe22a9ad3d15cc73f105a077764e40f12af5ab
outputs/qwen05b/experiment5/experiment5_ood_v1/hidden_probe/hidden_states_ood.pt	18017851	ac359f4d637d9608cd9edceba8f4d65e3c39a4888c0db1bdecb3129c82076c55
outputs/qwen15b/experiment3/experiment3_v4/hidden_probe/hidden_states.pt	107205507	4d42b615fa1ac050363f7975aaa3ca6683691fa80430fb7032e4c6222ed04559
outputs/qwen15b/experiment5/experiment5_ood_v1/hidden_probe/hidden_states_ood.pt	35733051	02ab50b76b6c5de46a6126f3edb15ed5b6a6636f565ef0bd50e4a286458b88e8
outputs/qwen15b/experiment7_optionalA/hidden_probe/hidden_states_pk_ck.pt	10723335	69e4b2729e361975a5a0214b648a6cd92bb3e22c83645b1611e9f093320c10c0
outputs/qwen15b/experiment7_optionalA_v2/hidden_probe/hidden_states_pk_ck_v2.pt	42379173	c35c67bc460b89b333f59128de102ac13358e271f53cb16b608e080c430bf626
outputs/qwen15b/experiment8_optionalB/hidden_probe/hidden_states_process_error.pt	85833399	edc81910bdca05a0f456dd3ea57ba063a5a1a45e99c6ebeec11409420e5398b3
outputs/qwen15b/experiment8_optionalB_v2/hidden_probe/hidden_states_process_error_v2.pt	171656585	a3d851a3319be90473e5de75eb3a3e278f1adebd76038e5efb4167fa1e689404
outputs/qwen7b/experiment3/experiment3_v4/hidden_probe/hidden_states.pt	249747114	868e60df7b6b34996e7058394d8cd2f6b90d0fa9288f74da02baac8f600b2f7e
outputs/qwen7b/experiment5/experiment5_ood_v1/hidden_probe/hidden_states_ood.pt	83246618	d06c34cfb4ff8f2bd037285784546d4daad7cadd51bf26e31f5d10f372b90180
