entity,count,nunique
BASIC,2,2
C#,2,2
C++,2,2
C语言,2,2
Dart,2,2
Erlang,2,2
Fortran,2,2
Go,2,2
Haskell,2,2
Java,2,2
JavaScript,2,2
Julia,2,2
Kotlin,2,2
Lisp,2,2
Lua,2,2
MATLAB,2,2
Objective-C,2,2
PHP,2,2
Pascal,2,2
Perl,2,2
Prolog,2,2
Python,2,2
Ruby,2,2
Rust,2,2
R语言,2,2
Scala,2,2
Smalltalk,2,2
Swift,2,2
TypeScript,2,2
Visual Basic,2,2
《一九八四》,2,2
《三国演义》,2,2
《傲慢与偏见》,2,2
《变形记》,2,2
《呐喊》,2,2
《呼啸山庄》,2,2
《哈姆雷特》,2,2
《围城》,2,2
《复活》,2,2
《子夜》,2,2
《家》,2,2
《小王子》,2,2
《局外人》,2,2
《平凡的世界》,2,2
《悲惨世界》,2,2
《战争与和平》,2,2
《朝花夕拾》,2,2
《水浒传》,2,2
《活着》,2,2
《浮士德》,2,2
《百年孤独》,2,2
《神曲》,2,2
《童年》,2,2
《红楼梦》,2,2
《老人与海》,2,2
《茶馆》,2,2
《西游记》,2,2
《边城》,2,2
《雷雨》,2,2
《骆驼祥子》,2,2
一氧化碳,2,2
世界卫生组织,2,2
世界气象组织,2,2
世界知识产权组织,2,2
世界自然基金会,2,2
世界贸易组织,2,2
世界银行,2,2
丘吉尔,2,2
东盟,2,2
乔戈里峰,2,2
乙酸,2,2
乙醇,2,2
乞力马扎罗山,2,2
二氧化硅,2,2
二氧化硫,2,2
二氧化碳,2,2
五台山,2,2
亚洲开发银行,2,2
亚里士多德,2,2
亚马孙河,2,2
伏尔加河,2,2
伽利略,2,2
体积,2,2
俄罗斯,2,2
光强,2,2
刚果河,2,2
力,2,2
功,2,2
功率,2,2
加拿大,2,2
加速度,2,2
动量,2,2
勃朗峰,2,2
勒拿河,2,2
北约,2,2
华山,2,2
华盛顿,2,2
卓奥友峰,2,2
南迦帕尔巴特峰,2,2
南非,2,2
印度,2,2
印度河,2,2
厄尔布鲁士山,2,2
压强,2,2
叶尼塞河,2,2
哥白尼,2,2
唐古拉山主峰,2,2
喀喇昆仑山主峰,2,2
国际刑警组织,2,2
国际劳工组织,2,2
国际原子能机构,2,2
国际奥委会,2,2
国际标准化组织,2,2
国际民航组织,2,2
国际法院,2,2
国际海事组织,2,2
国际电信联盟,2,2
国际能源署,2,2
国际货币基金组织,2,2
国际足联,2,2
土耳其,2,2
埃及,2,2
塔里木河,2,2
塞纳河,2,2
墨累河,2,2
墨西哥,2,2
多瑙河,2,2
奥林匹斯山,2,2
奥里诺科河,2,2
安徒生,2,2
安纳布尔纳峰,2,2
密度,2,2
密西西比河,2,2
富士山,2,2
尼日利亚,2,2
尼罗河,2,2
居里夫人,2,2
峨眉山,2,2
巴西,2,2
巴赫,2,2
希腊,2,2
干城章嘉峰,2,2
幼发拉底河,2,2
庐山,2,2
底格里斯河,2,2
康德,2,2
弗洛伊德,2,2
德国,2,2
德纳里峰,2,2
恒河,2,2
惠特尼山,2,2
意大利,2,2
托尔斯泰,2,2
拉普拉塔河,2,2
拿破仑,2,2
挪威,2,2
放射性活度,2,2
日本,2,2
时间,2,2
易北河,2,2
智利,2,2
林肯,2,2
柏拉图,2,2
欧洲中央银行,2,2
欧盟委员会,2,2
武夷山,2,2
氖,2,2
氟,2,2
氢,2,2
氢气,2,2
氢氧化钙,2,2
氢氧化钠,2,2
氦,2,2
氧,2,2
氧化铝,2,2
氧气,2,2
氨气,2,2
氩,2,2
氮,2,2
氮气,2,2
氯,2,2
氯化钠,2,2
氯化钾,2,2
氯化银,2,2
氯气,2,2
水,2,2
汞,2,2
法国,2,2
波兰,2,2
泰国,2,2
泰山,2,2
泰戈尔,2,2
泰晤士河,2,2
洛子峰,2,2
温度,2,2
湄公河,2,2
澳大利亚,2,2
热量,2,2
照度,2,2
爱因斯坦,2,2
牛顿,2,2
物质的量,2,2
特斯拉,2,2
玉山,2,2
珠江,2,2
珠穆朗玛峰,2,2
瑞典,2,2
瑞士,2,2
甲烷,2,2
电压,2,2
电容,2,2
电感,2,2
电流,2,2
电荷量,2,2
电阻,2,2
盐酸,2,2
石油输出国组织,2,2
硅,2,2
硝酸,2,2
硫,2,2
硫化氢,2,2
硫酸,2,2
硫酸铜,2,2
硼,2,2
碘,2,2
碳,2,2
碳酸氢钠,2,2
碳酸钙,2,2
碳酸钠,2,2
磁感应强度,2,2
磁通量,2,2
磷,2,2
笛卡尔,2,2
红十字国际委员会,2,2
维苏威火山,2,2
罗讷河,2,2
美国,2,2
联合国,2,2
联合国儿童基金会,2,2
联合国教科文组织,2,2
肖邦,2,2
肯尼亚,2,2
能量,2,2
臭氧,2,2
芬兰,2,2
苏格拉底,2,2
英国,2,2
莎士比亚,2,2
莫扎特,2,2
莱茵河,2,2
葡萄牙,2,2
葡萄糖,2,2
西班牙,2,2
角速度,2,2
贝多芬,2,2
质量,2,2
赞比西河,2,2
越南,2,2
达尔文,2,2
达芬奇,2,2
过氧化氢,2,2
速度,2,2
道拉吉里峰,2,2
鄂毕河,2,2
金,2,2
钙,2,2
钠,2,2
钾,2,2
铁,2,2
铅,2,2
铜,2,2
铝,2,2
铬,2,2
银,2,2
锂,2,2
锌,2,2
锰,2,2
镁,2,2
镍,2,2
长度,2,2
长江,2,2
门捷列夫,2,2
阿姆河,2,2
阿尔卑斯山主峰,2,2
阿拉伯联盟,2,2
阿根廷,2,2
阿空加瓜山,2,2
雨果,2,2
非洲联盟,2,2
面积,2,2
韩国,2,2
频率,2,2
额尔齐斯河,2,2
马克思,2,2
马卡鲁峰,2,2
马纳斯卢峰,2,2
黄山,2,2
黄河,2,2
黑格尔,2,2
黑龙江,2,2
